"job_count",title,"company_name",location,"source_url",schedule
1,"Kỹ Thuật Viên Sửa Chữa Laptop/ Điện Thoại  - Kinh Nghiệm 1 Năm Hoặc Từng Làm IT Helpdesk - Lương 12 - 20 Triệu (TP.HCM)","CÔNG TY TNHH CITY ONE VIỆT NAM","- Hồ Chí Minh: 1E 3 Tháng 2, Phường Vườn Lài (Quận 10 cũ)","https://www.topcv.vn/viec-lam/ky-thuat-vien-sua-chua-laptop-dien-thoai-kinh-nghiem-1-nam-hoac-tung-lam-it-helpdesk-luong-12-20-trieu-tp-hcm/2095287.html","Thứ 2 - Thứ 4 (từ 08:00 đến 17:00)
Thứ 4 - Thứ 7 (từ 13:00 đến 21:00)
C1: 8h00 đến 17h00 nghỉ trưa 12h00-13h00 (nghỉ trưa 1 tiếng, 8h làm việc)
C2: 13h00 đến 21h00 nghỉ chiều 18h00 đến 19h ăn chiều
1 tháng làm 2 Chủ Nhật cố định 8h00 - 21h00 bao gồm cả Lễ.
Tháng nghỉ 2 chủ nhật +  1 ngày nghỉ phép có hưởng lương"
1,"Kỹ Thuật Viên Sửa Chữa Laptop/ Điện Thoại  - Kinh Nghiệm 1 Năm Hoặc Từng Làm IT Helpdesk - Lương 12 - 20 Triệu (TP.HCM)","CÔNG TY TNHH CITY ONE VIỆT NAM","- Hồ Chí Minh: 195 Nguyễn Thái Học, Phường Bến Thành (Quận 1 cũ)","https://www.topcv.vn/viec-lam/ky-thuat-vien-sua-chua-laptop-dien-thoai-kinh-nghiem-1-nam-hoac-tung-lam-it-helpdesk-luong-12-20-trieu-tp-hcm/2095287.html","Thứ 2 - Thứ 4 (từ 08:00 đến 17:00)
Thứ 4 - Thứ 7 (từ 13:00 đến 21:00)
C1: 8h00 đến 17h00 nghỉ trưa 12h00-13h00 (nghỉ trưa 1 tiếng, 8h làm việc)
C2: 13h00 đến 21h00 nghỉ chiều 18h00 đến 19h ăn chiều
1 tháng làm 2 Chủ Nhật cố định 8h00 - 21h00 bao gồm cả Lễ.
Tháng nghỉ 2 chủ nhật +  1 ngày nghỉ phép có hưởng lương"
1,"Chuyên Viên Thiết Kế Đồ Họa","MICC GROUP","- Hà Nội: Sao biển 23, Ocean Park 1, Xã Gia Lâm (huyện Gia Lâm cũ)","https://www.topcv.vn/viec-lam/chuyen-vien-thiet-ke-do-hoa/2152262.html","Thứ 2 - Thứ 6 (từ 08:00 đến 17:30)
Thứ 7 (từ 08:00 đến 12:00)
Nghỉ chiều thứ 7 và chủ nhật"
1,"Chuyên Viên Thiết Kế Đồ Họa","MICC GROUP","- Hà Nội: Số 3 Dương Đình Nghệ, Phường Cầu Giấy (quận Cầu Giấy cũ)","https://www.topcv.vn/viec-lam/chuyen-vien-thiet-ke-do-hoa/2152262.html","Thứ 2 - Thứ 6 (từ 08:00 đến 17:30)
Thứ 7 (từ 08:00 đến 12:00)
Nghỉ chiều thứ 7 và chủ nhật"
1,"Nhân Viên Bảo Trì Mạng","Công Ty TNHH Nhà Hàng Ba Vui","- Hồ Chí Minh: 234 Ngô Tất Tố, Phường Thạnh Mỹ Tây (quận Bình Thạnh cũ)","https://www.topcv.vn/viec-lam/nhan-vien-bao-tri-mang/2039170.html","Thứ 2 - Chủ nhật (từ 16:00 đến 02:00)"
1,"Quản Trị Hệ Thống & Thiết Bị Cửa Hàng","Hộ Kinh Doanh Sửa Chữa Bảo Hành 1 (One)","- Hồ Chí Minh: 721 Trường Chinh, Phường Tây Thạnh (quận Tân Phú cũ)","https://www.topcv.vn/viec-lam/quan-tri-he-thong-thiet-bi-cua-hang/1760464.html","Thứ 2 - Chủ nhật (từ 08:00 đến 17:30)
C1: 8h00 đến 17h00 nghỉ trưa 12h00-13h00 (nghĩ trưa 1 tiếng, 8h làm việc)
C2: 13h đến 21h00 nghỉ chiều 18h00 đến 19h ăn chiều (nv ăn, nghĩ vào làm,  không tính giờ nghĩ trong ca này trừ công 8h làm việc)"
1,"Graphic Designer Kiêm Video Editor","CÔNG TY CỔ PHẦN ANVY","- Hà Nội: Lô A5/D21, Ngõ 11 Duy Tân, Khu đô thị mới Cầu Giấy, Phường Cầu Giấy (quận Cầu Giấy cũ)","https://www.topcv.vn/viec-lam/graphic-designer-kiem-video-editor/2137420.html","Thứ 2 - Thứ 6 (từ 08:00 đến 17:00)
Nghỉ chủ nhật và 2 thứ 7/tháng"
1,"Thiết Kế Đồ Họa (Graphic Design)","Công ty TNHH Viện Thẩm Mỹ Quốc Tế Royal","- Hồ Chí Minh: 382 Nguyễn Văn Luông, Phường Phú Lâm (Quận 6 cũ)","https://www.topcv.vn/viec-lam/thiet-ke-do-hoa-graphic-design/2082251.html","Thứ 2 - Chủ nhật (từ 08:00 đến 17:30)
Khung thời gian làm việc: 8h00 - 17h30 (nghỉ trưa 12h00 -13h30) từ Thứ 2 đến Chủ nhật (Nghỉ 4 ngày/ tháng)"
1,"Developer Lập Trình Web","CÔNG TY TNHH BCVV","- Hưng Yên: Ân Thi , Bắc Sơn (cũ), Xã Phạm Ngũ Lão (huyện Ân Thi cũ)","https://www.topcv.vn/viec-lam/developer-lap-trinh-web/2009757.html","Thứ 2 - Thứ 6 ()
Thời gian làm việc: từ thứ 2 – thứ 6, nghỉ thứ 7 – CN và lễ theo quy định."
1,"Marketing Xử Lý Tài Nguyên Video ( Animation)","CÔNG TY TRÁCH NHIỆM HỮU HẠN BG MEDIA","- Nghệ An: 25, Nguyễn Thị Minh Khai, Phường Thành Vinh (Thành phố Vinh cũ)","https://www.topcv.vn/viec-lam/marketing-xu-ly-tai-nguyen-video-animation/2123107.html","Thứ 2 - Thứ 6 (từ 07:45 đến 17:30)
Làm việc từ thứ 2 đến thứ 6 hàng tuần, Thứ 7 tuần làm tuần nghỉ, Chủ Nhật Nghỉ, Lễ Tết nghỉ theo quy định."
1,"Marketing Xử Lý Tài Nguyên Video ( Animation)","CÔNG TY TRÁCH NHIỆM HỮU HẠN BG MEDIA","- Nghệ An: 178, Hà Huy Tập, Phường Vinh Phú (Thành phố Vinh cũ)","https://www.topcv.vn/viec-lam/marketing-xu-ly-tai-nguyen-video-animation/2123107.html","Thứ 2 - Thứ 6 (từ 07:45 đến 17:30)
Làm việc từ thứ 2 đến thứ 6 hàng tuần, Thứ 7 tuần làm tuần nghỉ, Chủ Nhật Nghỉ, Lễ Tết nghỉ theo quy định."
1,"Marketing Xử Lý Tài Nguyên Video ( Animation)","CÔNG TY TRÁCH NHIỆM HỮU HẠN BG MEDIA","- Nghệ An: Vincom, Phường Thành Vinh (Thành phố Vinh cũ)","https://www.topcv.vn/viec-lam/marketing-xu-ly-tai-nguyen-video-animation/2123107.html","Thứ 2 - Thứ 6 (từ 07:45 đến 17:30)
Làm việc từ thứ 2 đến thứ 6 hàng tuần, Thứ 7 tuần làm tuần nghỉ, Chủ Nhật Nghỉ, Lễ Tết nghỉ theo quy định."
1,"IOS Developer (Swift/SwiftUI) - Thanh Xuân Hà Nội - Lương 25 -30M","Công ty TNHH Volio Việt Nam","- Hà Nội: 104 Nguỵ Như Kon Tum, Phường Thanh Xuân (quận Thanh Xuân cũ)","https://www.topcv.vn/viec-lam/ios-developer-swift-swiftui-thanh-xuan-ha-noi-luong-25-30m/2131406.html","Thứ 2 - Thứ 6 (từ 08:30 đến 18:00)
Thời gian làm việc: 8h30 - 18h00 (từ thứ 2 - thứ 6 hàng tuần; nghỉ thứ 7, chủ nhật, nghỉ lễ tết theo quy định nhà nước). Nghỉ trưa từ 12h00 - 13h30."
1,"Giáo Viên Fulltime STEM Online Sư Phạm/IT/CNTT/Lập Trình/Điện Tử/Kỹ Thuật Dạy Lớp Online [Online/HN]]","CÔNG TY CỔ PHẦN CÔNG NGHỆ & SÁNG TẠO TRẺ TEKY HOLDINGS","- Hà Nội: (Tất cả phường)","https://www.topcv.vn/viec-lam/giao-vien-fulltime-stem-online-su-pham-it-cntt-lap-trinh-dien-tu-ky-thuat-day-lop-online-online-hn/1670478.html","Đăng kí ca linh hoạt từ thứ 2 đến Chủ nhật (Ca sáng: 8h00 - 12h00; Ca chiều: 13h00 - 17h00; Ca tối: 17h00 - 21h00)"
1,"Giáo Viên Fulltime STEM Online Sư Phạm/IT/CNTT/Lập Trình/Điện Tử/Kỹ Thuật Dạy Lớp Online [Online/HN]]","CÔNG TY CỔ PHẦN CÔNG NGHỆ & SÁNG TẠO TRẺ TEKY HOLDINGS","- Bắc Ninh: (Tất cả phường)","https://www.topcv.vn/viec-lam/giao-vien-fulltime-stem-online-su-pham-it-cntt-lap-trinh-dien-tu-ky-thuat-day-lop-online-online-hn/1670478.html","Đăng kí ca linh hoạt từ thứ 2 đến Chủ nhật (Ca sáng: 8h00 - 12h00; Ca chiều: 13h00 - 17h00; Ca tối: 17h00 - 21h00)"
1,"Giáo Viên Fulltime STEM Online Sư Phạm/IT/CNTT/Lập Trình/Điện Tử/Kỹ Thuật Dạy Lớp Online [Online/HN]]","CÔNG TY CỔ PHẦN CÔNG NGHỆ & SÁNG TẠO TRẺ TEKY HOLDINGS","- Hưng Yên: (Tất cả phường)","https://www.topcv.vn/viec-lam/giao-vien-fulltime-stem-online-su-pham-it-cntt-lap-trinh-dien-tu-ky-thuat-day-lop-online-online-hn/1670478.html","Đăng kí ca linh hoạt từ thứ 2 đến Chủ nhật (Ca sáng: 8h00 - 12h00; Ca chiều: 13h00 - 17h00; Ca tối: 17h00 - 21h00)"
1,"Giáo Viên Fulltime STEM Online Sư Phạm/IT/CNTT/Lập Trình/Điện Tử/Kỹ Thuật Dạy Lớp Online [Online/HN]]","CÔNG TY CỔ PHẦN CÔNG NGHỆ & SÁNG TẠO TRẺ TEKY HOLDINGS","- Quảng Ninh: (Tất cả phường)","https://www.topcv.vn/viec-lam/giao-vien-fulltime-stem-online-su-pham-it-cntt-lap-trinh-dien-tu-ky-thuat-day-lop-online-online-hn/1670478.html","Đăng kí ca linh hoạt từ thứ 2 đến Chủ nhật (Ca sáng: 8h00 - 12h00; Ca chiều: 13h00 - 17h00; Ca tối: 17h00 - 21h00)"
1,"Giáo Viên Fulltime STEM Online Sư Phạm/IT/CNTT/Lập Trình/Điện Tử/Kỹ Thuật Dạy Lớp Online [Online/HN]]","CÔNG TY CỔ PHẦN CÔNG NGHỆ & SÁNG TẠO TRẺ TEKY HOLDINGS","- Hải Phòng: (Tất cả phường)","https://www.topcv.vn/viec-lam/giao-vien-fulltime-stem-online-su-pham-it-cntt-lap-trinh-dien-tu-ky-thuat-day-lop-online-online-hn/1670478.html","Đăng kí ca linh hoạt từ thứ 2 đến Chủ nhật (Ca sáng: 8h00 - 12h00; Ca chiều: 13h00 - 17h00; Ca tối: 17h00 - 21h00)"
1,"Nhân Viên IT System Administration","Công ty TNHH Hyosung Financial System Vina","- Bắc Ninh: Công ty TNHH Hyosung Financial System Vina, Khu công nghiệp Yên Phong II-C, Xã Yên Phong (huyện Yên Phong cũ)","https://www.topcv.vn/viec-lam/nhan-vien-it-system-administration/2131396.html","Thứ 2 - Thứ 7 (từ 08:00 đến 17:00)
nghỉ 2 thứ 7 và 4 chủ nhật trong tháng (Có tăng ca)"
1,"Chuyên Viên Lập Trình Mobile (Từ 2 Năm Kinh Nghiệm, Thu Nhập 18-25 Triệu)","VUIHOC.vn","- Hà Nội: Số 69 Vũ Trọng Phụng, Phường Thanh Xuân (quận Thanh Xuân cũ)","https://www.topcv.vn/brand/vuihoc/tuyen-dung/chuyen-vien-lap-trinh-mobile-tu-2-nam-kinh-nghiem-thu-nhap-18-25-trieu-j2135542.html","[""Thứ 2 - Thứ 6 (từ 08:15 đến 17:30)\nNghỉ CN và 2 thứ 7 hàng tháng.""]"
1,"Thực Tập Sinh Thiết Kế Và Quay Dựng Video Có Lương","HỘ KINH DOANH KHO SỈ CÀ PHÊ NÔNG SẢN","- Hồ Chí Minh: đường Vĩnh Hội Q4, Phường Vĩnh Hội (Quận 4 cũ)","https://www.topcv.vn/viec-lam/thuc-tap-sinh-thiet-ke-va-quay-dung-video-co-luong/2150669.html","Thứ 2 - Chủ nhật (từ 08:00 đến 17:00)
Linh hoạt"
1,"Nhân Viên Kinh Doanh Phần Mềm","CÔNG TY CỔ PHẦN GIẢI PHÁP CÔNG NGHỆ NEWWAY","- Hà Nội: Tầng 3, tòa nhà Sevin Office, 609 Trương Định, Phường Hoàng Mai (quận Hoàng Mai cũ)","https://www.topcv.vn/viec-lam/nhan-vien-kinh-doanh-phan-mem/665000.html","Thứ 2 - Thứ 6 (từ 08:00 đến 17:30)
Nghỉ thứ 7 và chủ nhật"
1,"Kỹ Sư Đảm Bảo Chất Lượng - Fresher/ Middle QA/ Tester - Tiếng Anh Tốt - Làm Việc Tại Đà Nẵng - Phúc Lợi Tốt, Thu Nhập Cạnh Tranh","Công Ty TNHH Avepoint Việt Nam","- Đà Nẵng: Hùng Vương, Phường Thanh Khê (quận Thanh Khê cũ)","https://www.topcv.vn/viec-lam/ky-su-dam-bao-chat-luong-fresher-middle-qa-tester-tieng-anh-tot-lam-viec-tai-da-nang-phuc-loi-tot-thu-nhap-canh-tranh/2082300.html","Thứ 2 - Thứ 6 (từ 09:00 đến 18:00)
Nghỉ T7, CN"
1,"Nhân Viên Kinh Doanh  (Thu Nhập 10-30 Triệu/Tháng ) - Data Có Sẵn","Công ty TNHH Phần mềm Nhân Hòa","- Hà Nội: 97-99 Láng Hạ, Phường Đống Đa (quận Đống Đa cũ)","https://www.topcv.vn/viec-lam/nhan-vien-kinh-doanh-thu-nhap-10-30-trieu-thang-data-co-san/2126460.html","Hàng ngày: sáng 8h-12h00, chiều 13h30-17h30
Hàng tuần: từ thứ 2-thứ 7 (nghỉ 2 thứ 7+các ngày chủ nhật trong tháng)"
1,"Nhân Viên Thiết Kế (Design)","CÔNG TY CỔ PHẦN THĂNG LONG TM VIỆT NAM","- Hà Nội: 3B Thi Sách, Phường Hai Bà Trưng (quận Hai Bà Trưng cũ)","https://www.topcv.vn/viec-lam/nhan-vien-thiet-ke-design/2146523.html","Thứ 2 - Thứ 6 ()
Từ Thứ 2 – Thứ 6 (Nghỉ ngày T7, CN)"
1,"Nhân Viên Quản Lý Đào Tạo - Ngành Thiết Kế","CÔNG TY CỔ PHẦN HƯỚNG NGHIỆP Á ÂU","- Hồ Chí Minh: 183 Lê Quang Định, Phường Gia Định (quận Bình Thạnh cũ)","https://www.topcv.vn/viec-lam/nhan-vien-quan-ly-dao-tao-nganh-thiet-ke/2132784.html","Thứ 2 - Thứ 7 (từ 08:00 đến 17:00)
Làm việc giờ Hành chánh: 8h00 sáng đến 17h00 chiều, từ tháng 2 đến thứ 7. Nghỉ Chủ nhật
1 tháng được nghỉ 2 ngày bất kỳ (hoặc thứ 7 luân phiên) vẫn được tính lương"
1,"Middle Java Developer","Công ty Cổ phần Giải pháp Phần mềm Biplus Việt Nam","- Hà Nội: Tầng 3/ Tầng 6, số 85 Trần Thái Tông, Phường Cầu Giấy (quận Cầu Giấy cũ)","https://www.topcv.vn/viec-lam/middle-java-developer/2119766.html","Thứ 2 - Thứ 6 (từ 08:00 đến 17:30)
Nghỉ thứ 7 , Chủ nhật. Nghỉ trưa từ 12-13h30"
1,"Nhân Viên Thiết Kế Đồ Họa","CÔNG TY TNHH TRUYỀN THÔNG TVC360 VIỆT NAM","- Hà Nội: 95 Cầu Giấy, Phường Cầu Giấy (quận Cầu Giấy cũ)","https://www.topcv.vn/viec-lam/nhan-vien-thiet-ke-do-hoa/2131307.html","Thứ 2 - Thứ 6 (từ 08:00 đến 17:30)
nghỉ chiều thứ 7, ngày CN và ngày lễ theo quy định."
1,"Chương Trình Tài Năng Trẻ TopCV Mùa 2 - TopCV Next Gen 2026","Công ty Cổ phần TOPCV Việt Nam","- Hà Nội: 47 Nguyễn Tuân, Phường Thanh Xuân (quận Thanh Xuân cũ)","https://www.topcv.vn/brand/topcv/tuyen-dung/chuong-trinh-tai-nang-tre-topcv-mua-2-topcv-next-gen-2026-j2104855.html","[""Thứ 2 - Thứ 6 (từ 08:00 đến 17:00)\nThời gian làm việc: T2-T6, nghỉ T7 & CN\nThời gian check-in linh hoạt 8-9h""]"
1,"Senior System Engineer (Kỹ Sư Hệ Thống) - Upto 35 Triệu, Tại HCM","Công ty Cổ phần Công nghệ Bằng Hữu","- Hồ Chí Minh: 112 Lý Chính Thắng, Phường Xuân Hoà, Phường Xuân Hòa (Quận 3 cũ)","https://www.topcv.vn/viec-lam/senior-system-engineer-ky-su-he-thong-upto-35-trieu-tai-hcm/2087812.html","Thứ 2 - Thứ 6 (từ 08:30 đến 17:30)
T2 - T6 (8h30 - 17h30) , T7 CN nghỉ"
1,"Senior System Engineer (Kỹ Sư Hệ Thống) - Upto 35 Triệu, Tại HCM","Công ty Cổ phần Công nghệ Bằng Hữu","- Hà Nội: IPH Xuân Thuỷ, Cầu Giấy, Phường Cầu Giấy (quận Cầu Giấy cũ)","https://www.topcv.vn/viec-lam/senior-system-engineer-ky-su-he-thong-upto-35-trieu-tai-hcm/2087812.html","Thứ 2 - Thứ 6 (từ 08:30 đến 17:30)
T2 - T6 (8h30 - 17h30) , T7 CN nghỉ"
1,"Nhân Viên Graphic Design (Nghỉ Thứ 7, CN)","CÔNG TY TNHH ADSAGENCY VIỆT NAM","- Hồ Chí Minh: 217/4 Nơ Trang Long (Phường 12, Bình Thạnh cũ), Phường Bình Thạnh (quận Bình Thạnh cũ)","https://www.topcv.vn/viec-lam/nhan-vien-graphic-design-nghi-thu-7-cn/2144807.html","Thứ 2 - Thứ 6 (từ 08:00 đến 17:30)
Nghỉ cố định Thứ 7& CN"
1,"Kỹ Sư Phát Triển Phần Mềm Java - Java Backend Developer","Công ty Cổ phần The First One","- Hà Nội: Tòa nhà Suced, số 108 Nguyễn Hoàng, Phường Từ Liêm (quận Nam Từ Liêm cũ)","https://www.topcv.vn/viec-lam/ky-su-phat-trien-phan-mem-java-java-backend-developer/2150029.html","Thứ 2 - Thứ 6 (từ 08:30 đến 17:30)
Giờ làm việc linh hoạt
Nghỉ Thứ Bảy, Chủ Nhật"
1,"Mid-Level Python Developer (2 – 3 Years) Tại HCM/ Lập Trình Viên Python (Thu Nhập Hấp Dẫn)","CÔNG TY TNHH THƯƠNG MẠI CÔNG NGHỆ THÁI BÌNH","- Hồ Chí Minh: số 6 Thăng Long, Phường 4, Phường Bình Tân (quận Bình Tân cũ)","https://www.topcv.vn/viec-lam/mid-level-python-developer-2-3-years-tai-hcm-lap-trinh-vien-python-thu-nhap-hap-dan/2152755.html","Thời gian làm việc: 5 ngày/tuần (nghỉ T7, CN)"
1,"Chuyên Viên Kiểm Thử Phần Mềm - Manual Tester","Công ty Cổ phần The First One","- Hà Nội: Tòa nhà Suced, số 108 Nguyễn Hoàng, Phường Từ Liêm (quận Nam Từ Liêm cũ)","https://www.topcv.vn/viec-lam/chuyen-vien-kiem-thu-phan-mem-manual-tester/2150079.html","Thứ 2 - Thứ 6 (từ 08:30 đến 17:30)
Giờ làm việc linh hoạt
Nghỉ Thứ Bảy, Chủ Nhật"
1,"[CÓ DATA] Nhân Viên Kinh Doanh Công Nghệ","CÔNG TY TNHH CÔNG NGHỆ ONE DYVI","- Hà Nội: LK17, Ngõ 2 Nguyễn Văn Lộc, Mộ Lao, Phường Hà Đông (quận Hà Đông cũ)","https://www.topcv.vn/viec-lam/co-data-nhan-vien-kinh-doanh-cong-nghe/1653636.html","Thứ 2 - Thứ 6 (từ 08:00 đến 17:30)
8h00 -17h30 thứ 2 đến thứ 6 và 2 ngày T7 trong tháng (Nghỉ 2 ngày T7/ tháng- chủ nhật)"
1,"Data Platform Lead, Legal Data Engineer, Data Engineer - Building Vietnam Legal AI Platform","Công ty TNHH THƯ VIỆN PHÁP LUẬT","- Hồ Chí Minh: THƯ VIỆN PHÁP LUẬT: Số 63, Đường 10, Khu Sala (Thành phố Thủ Đức cũ), Phường An Khánh (Thành phố Thủ Đức cũ)","https://www.topcv.vn/viec-lam/data-platform-lead-legal-data-engineer-data-engineer-building-vietnam-legal-ai-platform/2148355.html","Thời gian: Thứ 2 – Thứ 7
Sáng 7h45 – 11h55 | Chiều 13h40 – 17h30
(Nghỉ Chủ nhật & Lễ theo quy định)"
1,"Data Platform Lead, Legal Data Engineer, Data Engineer - Building Vietnam Legal AI Platform","Công ty TNHH THƯ VIỆN PHÁP LUẬT","- Hồ Chí Minh: HCM: Số 17 Nguyễn Gia Thiều (Quận 3 cũ), Phường Xuân Hòa (Quận 3 cũ)","https://www.topcv.vn/viec-lam/data-platform-lead-legal-data-engineer-data-engineer-building-vietnam-legal-ai-platform/2148355.html","Thời gian: Thứ 2 – Thứ 7
Sáng 7h45 – 11h55 | Chiều 13h40 – 17h30
(Nghỉ Chủ nhật & Lễ theo quy định)"
1,"Chuyên Viên Thiết Kế (Graphic Design)","Công ty TNHH UNICORE BRANDING & CONSULTING","- Hà Nội: Lê Ngọc Hân, Phường Hai Bà Trưng (quận Hai Bà Trưng cũ)","https://www.topcv.vn/viec-lam/chuyen-vien-thiet-ke-graphic-design/2130072.html","Thứ 2 - Thứ 6 (từ 09:00 đến 18:00)
Thứ 2 – Thứ 6 (Nghỉ Thứ 7 & Chủ Nhật)"
1,"Media Designer (Thiết Kế Đa Phương Tiện)","CÔNG TY TNHH DIGITAL GLOBAL","- Hà Nội: Tầng 2 – Tòa Hòa Bình Green City, 505 Minh Khai, Hai Bà Trưng, Phường Hai Bà Trưng (quận Hai Bà Trưng cũ)","https://www.topcv.vn/viec-lam/media-designer-thiet-ke-da-phuong-tien/2031803.html","Thứ 2 - Thứ 6 (từ 08:00 đến 17:30)
Thời gian làm việc: Thứ 2 - Thứ 6
Nghỉ Thứ Bảy & Chủ Nhật"
1,"Nhân Viên Kỹ Thuật Điều Phối Bảo Hành Topcare","CÔNG TY CỔ PHẦN THẾ GIỚI DI ĐỘNG","- Cần Thơ: 174 Lý Tự Trọng, Phường Ninh Kiều (quận Ninh Kiều cũ)","https://www.topcv.vn/viec-lam/nhan-vien-ky-thuat-dieu-phoi-bao-hanh-topcare/1807756.html","Thứ 2 - Thứ 7 (từ 08:00 đến 17:00)
+ Thứ hai – Thứ bảy: (08:00 – 17:00)
+ Nghỉ chủ nhật"
1,"Nhân Viên Kỹ Thuật Điều Phối Bảo Hành Topcare","CÔNG TY CỔ PHẦN THẾ GIỚI DI ĐỘNG","- Hồ Chí Minh: 759 – 761 Cách Mạng Tháng 8, Phường Tân Hòa (quận Tân Bình cũ)","https://www.topcv.vn/viec-lam/nhan-vien-ky-thuat-dieu-phoi-bao-hanh-topcare/1807756.html","Thứ 2 - Thứ 7 (từ 08:00 đến 17:00)
+ Thứ hai – Thứ bảy: (08:00 – 17:00)
+ Nghỉ chủ nhật"
1,"Nhân Viên Thiết Kế Đồ Họa","CÔNG TY TNHH ĐẦU TƯ FANI","- Hà Nội: 234 Phạm Văn Đồng, Phú Diễn, Phường Phú Diễn (quận Bắc Từ Liêm, quận Cầu Giấy cũ)","https://www.topcv.vn/viec-lam/nhan-vien-thiet-ke-do-hoa/2138010.html","Thứ 2 - Thứ 7 (từ 08:00 đến 17:30)
Nghỉ trưa từ 12h00 - 13h30, Nghỉ cố định Chủ Nhật"
1,"Thực Tập Sinh Thiết Kế –Cơ Hội Designer Chính Thức","CÔNG TY TNHH SX TM HOÀNG TÂM","- Hồ Chí Minh: 26 Hoàng Kế Viêm, Phường Bảy Hiền (quận Tân Bình cũ)","https://www.topcv.vn/viec-lam/thuc-tap-sinh-thiet-ke-co-hoi-designer-chinh-thuc/1927461.html","Thứ 2 - Thứ 6 (từ 08:00 đến 17:00)
Thứ 7 (từ 08:00 đến 12:00)
Từ thứ 2 đến trưa thứ 7 - chiều thứ 7, chủ nhật nghỉ
Làm việc lúc 08h00 - 17h00, nghỉ trưa 12h - 13h,"
1,"AI Engineer Manager","Hộ kinh doanh Phan Thị Quỳnh - 1999","- Hà Nội: Tầng 4, Tòa nhà Công ty 29, Ngõ 73 Nguyễn Trãi, Phường Thanh Xuân (quận Thanh Xuân cũ)","https://www.topcv.vn/viec-lam/ai-engineer-manager/2139611.html","Thứ 2 - Thứ 7 (từ 08:00 đến 17:30)
Thứ 2 – Thứ 6: 08:00 – 17:30 (Nghỉ trưa: 12:00 – 13:30).
Thứ 7: Làm việc cách tuần ( làm 02 ngày Thứ 7/tháng).
Chế độ nghỉ ngơi: Nghỉ các thứ 7 còn lại và các ngày Chủ nhật, nghỉ Lễ, Tết theo quy định của Pháp luật."
1,"Nhân Viên Tư Vấn","App Sben - Công ty TNHH GOHIHEI","- Hồ Chí Minh: Tầng 4, toà nhà N.G.E 292 Ung Văn Khiêm, Phường Thạnh Mỹ Tây (quận Bình Thạnh cũ)","https://www.topcv.vn/viec-lam/nhan-vien-tu-van/2151800.html","Thứ 2 - Thứ 6 (từ 08:00 đến 17:00)
- Làm việc thứ 2 đến thứ 7, nghỉ Chủ Nhật, hoặc thứ 2 đến CN nghỉ thứ 7
- Làm theo ca 1 tuần có 2-3 ngày làm việc từ 13h00 - 21h30 (nghỉ 30 phút)
Ca 1: 7h00 - 16h00 (nghỉ 1 tiếng)
Ca 2: 9h00 - 18h00 (nghỉ 1 tiếng)"
1,"Chuyên Viên Kiểm Thử Phần Mềm (Thu Nhập 15 -22 Triệu/Tháng, Yêu Cầu Từ 2 Năm Kinh Nghiệm)","VUIHOC.vn","- Hà Nội: 69 Vũ Trọng Phụng, Phường Thanh Xuân (quận Thanh Xuân cũ)","https://www.topcv.vn/brand/vuihoc/tuyen-dung/chuyen-vien-kiem-thu-phan-mem-thu-nhap-15-22-trieu-thang-yeu-cau-tu-2-nam-kinh-nghiem-j1922895.html","[""Thứ 2 - Thứ 6 (từ 08:15 đến 17:30)\nNghỉ 2 ngày thứ 7 & tất cả Chủ Nhật""]"
1,"AI Team Leader","Công ty Cổ phần TOPCV Việt Nam","- Hà Nội: 47 Nguyễn Tuân, Phường Thanh Xuân (quận Thanh Xuân cũ)","https://www.topcv.vn/brand/topcv/tuyen-dung/ai-team-leader-j2115683.html","[""Thứ 2 - Thứ 6 (từ 08:00 đến 17:00)\nThời gian làm việc: T2-T6, nghỉ T7 & CN\nThời gian check-in linh hoạt 8-9h""]"
1,"Data Analyst Teamleader (Collection Analytics) - Thu Nhập 50 Triệu Tại Hồ Chí Minh","GALAXY DEBT TRADING COMPANY LIMITED","- Hồ Chí Minh: 20 Cộng Hòa, Phường Bảy Hiền (quận Tân Bình cũ)","https://www.topcv.vn/brand/galaxydebt/tuyen-dung/data-analyst-teamleader-collection-analytics-thu-nhap-50-trieu-tai-ho-chi-minh-j1968188.html","[""Thứ 2 - Thứ 6 (từ 09:00 đến 18:00)\nThời gian làm việc: 9h00 - 18h00 (Nghỉ cố định Thứ 7, Chủ Nhật)""]"
1,"Chuyên Viên Thiết Kế Graphic Design Ngành Thẩm Mỹ","CÔNG TY TNHH HOÀNG HƯNG BEAUTY","- Hồ Chí Minh: 246A Đinh Tiên Hoàng, Phường Tân Định (Quận 1 cũ)","https://www.topcv.vn/viec-lam/chuyen-vien-thiet-ke-graphic-design-nganh-tham-my/2135281.html","Thứ 2 - Chủ nhật (từ 08:00 đến 17:00)
OFF 1 ngày bất kỳ trong  tuần"
1,"Trưởng Phòng Nghiên Cứu & Phát Triển Sản Phẩm (R&D) Thời Trang Công Sở Nam (Thương Hiệu 15 Năm) -  Thu Nhập Upto 50 Triệu Tại Xuân Đỉnh,Hà Nội - Đi Làm Ngay","Công ty TNHH May Cao Nguyễn","- Hà Nội: Số 14, Ngõ 603/58, Đ. Lạc Long Quân, Phường Tây Hồ (quận Tây Hồ cũ)","https://www.topcv.vn/viec-lam/truong-phong-nghien-cuu-phat-trien-san-pham-rd-thoi-trang-cong-so-nam-thuong-hieu-15-nam-thu-nhap-upto-50-trieu-tai-xuan-dinh-ha-noi-di-lam-ngay/2122957.html","Thứ 2 - Thứ 7 (từ 08:00 đến 17:30)
Làm từ thứ 2 đến thứ 7 nghỉ chủ nhật và lễ tết theo quy định."
1,"Trưởng Nhóm Kỹ Thuật (Đi Làm Ngay)","CÔNG TY TNHH CYBERCORE VIỆT NAM","- Hồ Chí Minh: 256 Lý Thường Kiệt, Phường Diên Hồng (Quận 10 cũ)","https://www.topcv.vn/viec-lam/truong-nhom-ky-thuat-di-lam-ngay/2152828.html","Thứ 2 - Chủ nhật (từ 08:30 đến 17:30)
Làm việc từ thứ 2 đến thứ Chủ nhật. Lịch làm việc theo sự sắp xếp của cấp trên hoặc phù hợp với tiến độ thi công dự án. Thời gian làm việc linh động theo yêu cầu công việc, đảm bảo 8h/ngày, OFF 1 ngày/tuần, đảm bảo đủ công chuẩn/tháng"
1,"Trưởng Nhóm Kỹ Thuật (Đi Làm Ngay)","CÔNG TY TNHH CYBERCORE VIỆT NAM","- Hồ Chí Minh: N3 Trường Sơn (Khu Bắc Hải cũ), Phường Hòa Hưng (Quận 10 cũ)","https://www.topcv.vn/viec-lam/truong-nhom-ky-thuat-di-lam-ngay/2152828.html","Thứ 2 - Chủ nhật (từ 08:30 đến 17:30)
Làm việc từ thứ 2 đến thứ Chủ nhật. Lịch làm việc theo sự sắp xếp của cấp trên hoặc phù hợp với tiến độ thi công dự án. Thời gian làm việc linh động theo yêu cầu công việc, đảm bảo 8h/ngày, OFF 1 ngày/tuần, đảm bảo đủ công chuẩn/tháng"
1,"Trưởng Nhóm Kỹ Thuật (Đi Làm Ngay)","CÔNG TY TNHH CYBERCORE VIỆT NAM","- Hồ Chí Minh: 243 Tỉnh lộ 15, Xã Tân Thạnh Tây, Huyện Củ Chi cũ, Xã Tân An Hội (huyện Củ Chi cũ)","https://www.topcv.vn/viec-lam/truong-nhom-ky-thuat-di-lam-ngay/2152828.html","Thứ 2 - Chủ nhật (từ 08:30 đến 17:30)
Làm việc từ thứ 2 đến thứ Chủ nhật. Lịch làm việc theo sự sắp xếp của cấp trên hoặc phù hợp với tiến độ thi công dự án. Thời gian làm việc linh động theo yêu cầu công việc, đảm bảo 8h/ngày, OFF 1 ngày/tuần, đảm bảo đủ công chuẩn/tháng"
1,"Trưởng Nhóm Kỹ Thuật (Đi Làm Ngay)","CÔNG TY TNHH CYBERCORE VIỆT NAM","- Hồ Chí Minh: 485 An Dương Vương, Phường 7, Quận 5 cũ, Phường An Đông (Quận 5 cũ)","https://www.topcv.vn/viec-lam/truong-nhom-ky-thuat-di-lam-ngay/2152828.html","Thứ 2 - Chủ nhật (từ 08:30 đến 17:30)
Làm việc từ thứ 2 đến thứ Chủ nhật. Lịch làm việc theo sự sắp xếp của cấp trên hoặc phù hợp với tiến độ thi công dự án. Thời gian làm việc linh động theo yêu cầu công việc, đảm bảo 8h/ngày, OFF 1 ngày/tuần, đảm bảo đủ công chuẩn/tháng"
1,"Trưởng Nhóm Kỹ Thuật (Đi Làm Ngay)","CÔNG TY TNHH CYBERCORE VIỆT NAM","- Hồ Chí Minh: 540 Nguyễn Xiển, Quận 6 cũ, Phường Long Bình (Thành phố Thủ Đức cũ)","https://www.topcv.vn/viec-lam/truong-nhom-ky-thuat-di-lam-ngay/2152828.html","Thứ 2 - Chủ nhật (từ 08:30 đến 17:30)
Làm việc từ thứ 2 đến thứ Chủ nhật. Lịch làm việc theo sự sắp xếp của cấp trên hoặc phù hợp với tiến độ thi công dự án. Thời gian làm việc linh động theo yêu cầu công việc, đảm bảo 8h/ngày, OFF 1 ngày/tuần, đảm bảo đủ công chuẩn/tháng"
1,"Thực Tập Sinh Kinh Doanh","Công ty cổ phần Công nghệ Windsoft Việt Nam","- Hà Nội: 106 BT2A, Khu đô thi Mễ Trì Thượng, Phường Từ Liêm (quận Nam Từ Liêm cũ)","https://www.topcv.vn/viec-lam/thuc-tap-sinh-kinh-doanh/1749752.html","Thứ 2 - Thứ 6 (từ 08:00 đến 17:00)
2 ngày Thứ 7 cách tuần, nghỉ Chủ nhật"
1,"Thực Tập Sinh Kinh Doanh","Công ty cổ phần Công nghệ Windsoft Việt Nam","- Hồ Chí Minh: Số 88, Quốc Lộ 13, Phường Bình Thạnh (quận Bình Thạnh cũ)","https://www.topcv.vn/viec-lam/thuc-tap-sinh-kinh-doanh/1749752.html","Thứ 2 - Thứ 6 (từ 08:00 đến 17:00)
2 ngày Thứ 7 cách tuần, nghỉ Chủ nhật"
1,"Nhân Viên Brand Design","GoChek Việt Nam","- Hà Nội: Số 19, Ven hồ Hạ Đình, Phường Khương Đình (quận Thanh Xuân cũ)","https://www.topcv.vn/viec-lam/nhan-vien-brand-design/2125942.html","Thứ 2 - Thứ 7 (từ 08:00 đến 17:30)
- Thời gian làm việc: 8h/ ngày: 8h - 12h + 13h30 - 17h30. Nghỉ chủ nhật + 2 ngày thứ 7/tháng"
1,"Chuyên Viên Triển Khai Phần Mềm","Công ty Cổ phần TOPCV Việt Nam","- Hà Nội: 47 Nguyễn Tuân, Phường Thanh Xuân (quận Thanh Xuân cũ)","https://www.topcv.vn/brand/topcv/tuyen-dung/chuyen-vien-trien-khai-phan-mem-j2142028.html","[""Thứ 2 - Thứ 6 (từ 08:00 đến 17:00)\nThời gian làm việc: từ thứ 2 đến thứ 6 hàng tuần, nghỉ thứ 7, CN\nThời gian check-in: linh hoạt từ 8-9h""]"
1,"Chuyên Viên Cao Cấp Thiết Kế","CÔNG TY CỔ PHẦN BẢO TÍN MẠNH HẢI","- Hà Nội: Tầng 19, HUD Tower 37 Lê Văn Lương, Thanh Xuân, Phường Thanh Xuân (quận Thanh Xuân cũ)","https://www.topcv.vn/viec-lam/chuyen-vien-cao-cap-thiet-ke/1974878.html","Thứ 2 - Thứ 7 (từ 08:30 đến 17:30)
Thời gian làm việc:
- Từ 8h30 - 17h30 (Nghỉ trưa từ 12h00 - 13hh00) từ thứ 2 đến thứ 7
- Nghỉ 02 thứ 7 và các ngày chủ nhật trong tháng."
1,"Kỹ Sư Sản Xuất & Lập Trình Robot","CÔNG TY TNHH SUKAVINA","- Hồ Chí Minh: Đường Bình Chuẩn 44, Kp. Bình Phước A (P. Bình Chuẩn cũ, Tp. Thuận An cũ), Phường An Phú (Thành phố Thuận An cũ)","https://www.topcv.vn/viec-lam/ky-su-san-xuat-lap-trinh-robot/1966025.html","Thứ 2 - Thứ 7 (từ 07:30 đến 16:30)
Được nghỉ chủ nhật
Mỗi tháng được nghỉ 1 ngày thứ Bảy"
1,"Nhân Viên Thiết Kế Đồ Họa - Graphic Designer","CÔNG TY CỔ PHẦN ADNX","- Hà Nội: 20/16B1 Làng Việt Kiều Châu Âu, Mộ Lao, Hà Đông, Phường Hà Đông (quận Hà Đông cũ)","https://www.topcv.vn/viec-lam/nhan-vien-thiet-ke-do-hoa-graphic-designer/2145957.html","Thứ 2 - Thứ 6 (từ 08:00 đến 17:00)
- Thứ 7 làm việc cách tuần
- Nghỉ chủ nhật"
1,"Nhân Viên Kinh Doanh B2B Mảng Công Nghệ Và Đào Tạo","CÔNG TY CỔ PHẦN CÔNG NGHỆ VÀ ĐÀO TẠO COE VIỆT NAM","- Hà Nội: Tầng 4, số 9, ngõ 82 Dịch Vọng Hậu, Cậu Giấy, Phường Cầu Giấy (quận Cầu Giấy cũ)","https://www.topcv.vn/viec-lam/nhan-vien-kinh-doanh-b2b-mang-cong-nghe-va-dao-tao/2067746.html","Thứ 2 - Thứ 6 (từ 08:00 đến 17:30)
8h00 – 17h30, thứ 2 đến thứ 6, nghỉ thứ 7, chủ nhật"
1,"Lập Trình Viên WordPress","CÔNG TY CỔ PHẦN MẮT BÃO WS","- Hồ Chí Minh: Phường Tân Bình (quận Tân Bình cũ)","https://www.topcv.vn/viec-lam/lap-trinh-vien-wordpress/2123168.html","Thứ 2 - Thứ 6 (từ 08:30 đến 17:30)
Nghỉ T7-CN"
1,"Nhân Viên Thiết Kế - Designer (Nam/Đi Làm Ngay)","CÔNG TY CỔ PHẦN CÔNG NGHỆ VÀ THIẾT BỊ HÀN - CHI NHÁNH HÀ NỘI","- Hà Nội: Xã Thanh Trì (huyện Thanh Trì cũ)","https://www.topcv.vn/viec-lam/nhan-vien-thiet-ke-designer-nam-di-lam-ngay/1859987.html","Thứ 2 - Thứ 6 (từ 08:00 đến 17:00)
Nghỉ T7-CN"
1,"Nhân Viên Thiết Kế - Quay Dựng","CÔNG TY CỔ PHẦN THƯƠNG MẠI ĐẦU TƯ  VÀ PHÁT TRIỂN VIGO","- Hà Nội: số 125 Louis 1 KĐT Louis city, Phường Hoàng Mai (quận Hoàng Mai cũ)","https://www.topcv.vn/viec-lam/nhan-vien-thiet-ke-quay-dung/2142297.html","Thứ 2 - Thứ 7 (từ 08:00 đến 17:30)
thứ 2 - sáng thứ 7, nghỉ cố định chủ nhật
+ sáng 8h -12h
+ chiều 13h30 - 17h30"
1,Designer,"Công ty TNHH Thương mại Xuất nhập khẩu ISU","- Hà Nội: 6a, ngõ 183 Hoàng Văn Thái, Phường Thanh Xuân (quận Thanh Xuân cũ)","https://www.topcv.vn/viec-lam/designer/1432922.html","8h30-17h30, Tháng Nghỉ 4 CN+2 thứ 7 cách tuần"
1,"Software Quality Control (Chương Trình TopCV Next Gen 2026)","Công ty Cổ phần TOPCV Việt Nam","- Hà Nội: 47 Nguyễn Tuân, Phường Thanh Xuân (quận Thanh Xuân cũ)","https://www.topcv.vn/brand/topcv/tuyen-dung/software-quality-control-chuong-trinh-topcv-next-gen-2026-j2137679.html","[""Thứ 2 - Thứ 6 (từ 08:00 đến 17:00)\nThời gian làm việc: 8h00 - 17h00, từ thứ 2 đến thứ 6 hàng tuần, nghỉ thứ 7, CN.\nThời gian check in: linh hoạt từ 8h00 - 9h00""]"
1,"Nhân Viên Nhập Dữ Liệu","Công ty TNHH IA- Data Tech Vietnam","- Hồ Chí Minh: 92 Hồ Bá Phấn Thủ Đức, Phường Phước Long (Thành phố Thủ Đức cũ)","https://www.topcv.vn/viec-lam/nhan-vien-nhap-du-lieu/2065295.html","Thứ 2 - Chủ nhật (từ 13:30 đến 01:30)
Thứ 6: làm việc từ 13h30 đến 19h00
Thứ 7: off cố định hàng tuần
→ (Cách 2 tiếng làm việc được nghỉ 30p)"
1,"Mobile Developer (Chương Trình TopCV Next Gen 2026)","Công ty Cổ phần TOPCV Việt Nam","- Hà Nội: 47 Nguyễn Tuân, Phường Thanh Xuân (quận Thanh Xuân cũ)","https://www.topcv.vn/brand/topcv/tuyen-dung/mobile-developer-chuong-trinh-topcv-next-gen-2026-j2137633.html","[""Thứ 2 - Thứ 6 (từ 08:00 đến 17:00)\nThời gian làm việc: 8h00 - 17h00, từ thứ 2 đến thứ 6 hàng tuần, nghỉ thứ 7, CN.\nThời gian check in: linh hoạt từ 8h00 - 9h00""]"
1,"Game Tester","CÔNG TY TNHH CÔNG NGHỆ NIỀM VUI","- Hà Nội: Tầng 9, tòa nhà CIC, Số 1 Nguyễn Thị Duệ, Phường Yên Hòa (quận Cầu Giấy cũ)","https://www.topcv.vn/viec-lam/game-tester/2124169.html","Thứ 2 - Thứ 6 (từ 08:00 đến 17:30)
Thời gian làm việc từ 8h – 17h30 hàng ngày, nghỉ trưa 1h30 phút từ thứ 2 đến thứ 6, nghỉ thứ 7 và Chủ nhật."
1,"Kỹ Thuật Lập Trình CNC","CÔNG TY CỔ PHẦN JOHAN VIỆT NAM","- Bắc Ninh: Bãi ba Bên, Thôn Doi Sóc, Phường Từ Sơn (Thành phố Từ Sơn cũ)","https://www.topcv.vn/viec-lam/ky-thuat-lap-trinh-cnc/2039770.html","Thứ 2 - Thứ 7 (từ 08:00 đến 17:00)
Làm việc từ Thứ Hai- Thứ Bảy, 8h00-17h00. Nghỉ 2 Thứ Bảy, 4 CHủ Nhật trong tháng"
1,"Nhân Viên Thiết Kế Thumbnail","Công ty TNHH Đầu tư Công nghệ Future Media","- Hà Nội: Victoria Văn Phú, Phường Hà Đông (quận Hà Đông cũ)","https://www.topcv.vn/viec-lam/nhan-vien-thiet-ke-thumbnail/2114906.html","Thứ 2 - Thứ 6 (từ 08:30 đến 17:30)
Từ thứ 2 - thứ 6 và 2 thứ 7 cách tuần. Nghỉ Chủ Nhật, Lễ Tết theo quy định"
1,"AI - Phát Triển AI","CÔNG TY TNHH WE UP","- Hà Nội: tòa nhà Peakview 36 Hoàng Cầu - Đống Đa, Phường Ô Chợ Dừa (quận Đống Đa cũ)","https://www.topcv.vn/viec-lam/ai-phat-trien-ai/2046260.html","Thứ 2 - Thứ 6 (từ 08:00 đến 18:00)
THỜI GIAN LÀM VIỆC
Thứ 2 - Thứ 6: 8h00 - 18h00, nghỉ trưa 12h00-13h30.
Nghỉ thứ 7, chủ nhật."
1,"Business Development (B2B - IT) - (Thu Nhập Upto 25 Triệu/Tháng)","Công ty Cổ phần Giải pháp Phần mềm Biplus Việt Nam","- Hà Nội: Số 85 - Trần Thái Tông, Phường Cầu Giấy (quận Cầu Giấy cũ)","https://www.topcv.vn/viec-lam/business-development-b2b-it-thu-nhap-upto-25-trieu-thang/2149547.html","Thứ 2 - Thứ 6 (từ 08:00 đến 17:30)
Nghỉ trưa từ 12-13h30 ,nghỉ thứ 7 và chủ nhật"
1,"Business Development (B2B - IT) - (Thu Nhập Upto 25 Triệu/Tháng)","Công ty Cổ phần Giải pháp Phần mềm Biplus Việt Nam","- Hồ Chí Minh: Văn phòng BiPlus Sài Gòn – 25 – Nguyễn Văn Nguyễn, Phường Phú Nhuận (quận Phú Nhuận cũ)","https://www.topcv.vn/viec-lam/business-development-b2b-it-thu-nhap-upto-25-trieu-thang/2149547.html","Thứ 2 - Thứ 6 (từ 08:00 đến 17:30)
Nghỉ trưa từ 12-13h30 ,nghỉ thứ 7 và chủ nhật"
1,"Nhân Viên Dự Án Công Nghệ Thông Tin","CÔNG TY CỔ PHẦN TƯ VẤN, XÂY LẮP VIỆT NAM","- Hà Nội: 24T1 Hoàng Đạo Thúy, Phường Cầu Giấy (quận Cầu Giấy cũ)","https://www.topcv.vn/viec-lam/nhan-vien-du-an-cong-nghe-thong-tin/1697439.html","Thứ 2 - Thứ 7 (từ 08:00 đến 17:00)
Làm việc từ T2 - T7 (Nghỉ 2 T7 và các CN)"
1,"Lập Trình Viên – Backend","CÔNG TY CỔ PHẦN  DỊCH VỤ CÔNG NGHỆ BEAM","- Hà Nội: 19 ngõ 59 Láng Hạ, Phường Ô Chợ Dừa (quận Đống Đa cũ)","https://www.topcv.vn/viec-lam/lap-trinh-vien-backend/2136627.html","Thứ 2 - Thứ 6 (từ 09:00 đến 18:00)
Thời gian làm việc trong giờ hành chính; nghỉ thứ 7, chủ nhật; riêng chiều thứ Tư được làm việc từ xa
Nghỉ trưa 1 tiếng"
1,"Nhân Viên Thiết Kế Đồ Họa","CÔNG TY CP VTC DỊCH VỤ DI ĐỘNG","- Hà Nội: Tầng 11, Toà nhà VTC Online, số 18 đường Tam Trinh, Phường Tương Mai (quận Hai Bà Trưng, quận Hoàng Mai cũ)","https://www.topcv.vn/viec-lam/nhan-vien-thiet-ke-do-hoa/1764717.html","Thứ 2 - Thứ 6 (từ 08:15 đến 17:30)
- Thời gian làm việc: 8h15 - 17h30 các ngày từ thứ 2 đến thứ 6 trong tuần
- Nghỉ thứ 7, chủ nhật và các ngày lễ khác, phép năm theo quy định của luật lao động"
1,"Senior Product Owner (Lĩnh Vực Edtech, Thu Nhập Up 50M) Tại Thanh Xuân","Công Ty Cổ Phần Giáo Dục Công Nghệ Rino Edu","- Hà Nội: 47 Nguyễn Tuân, Phường Thanh Xuân (quận Thanh Xuân cũ)","https://www.topcv.vn/brand/rinoedu/tuyen-dung/senior-product-owner-linh-vuc-edtech-thu-nhap-up-50m-tai-thanh-xuan-j2126879.html","[""Thứ 2 - Thứ 7 (từ 08:15 đến 17:30)\nNghỉ 2 thứ 7 và các chủ nhật""]"
1,"Thiết Kế Răng 3D Với Phần Mềm Exo Hoặc 3Shape","Công ty Cổ Phần Detec Dental Lab","- Hà Nội: 605 Quang Trung, Phường Kiến Hưng (quận Hà Đông cũ)","https://www.topcv.vn/viec-lam/thiet-ke-rang-3d-voi-phan-mem-exo-hoac-3shape/2146306.html","Thứ 2 - Thứ 7 ()
Từ Thứ 2 đến Thứ 7. Trường hợp do yêu cầu công việc phải làm việc vào ngày nghỉ hàng tuần (Chủ nhật) thì sẽ được bố trí nghỉ bù tương ứng theo quy định"
1,"Lập Trình","CÔNG TY TNHH TK SYSTEM","- Bắc Ninh: KCN Khắc Niệm Tỉnh BN, Phường Hạp Lĩnh (Thành phố Bắc Ninh cũ)","https://www.topcv.vn/viec-lam/lap-trinh/2129825.html","Thứ 2 - Thứ 7 (từ 08:30 đến 17:30)
Nếu chủ nhật phải đi làm, 9h mới bắt đầu vào làm"
1,"Kỹ Sư Kiểm Thử Phần Mềm (Tester)","Công ty TNHH Công Nghệ Dicom","- Hà Nội: Tầng 15, toà nhà Center Building, Số 1 Nguyễn Huy Tưởng, Phường Thanh Xuân (quận Thanh Xuân cũ)","https://www.topcv.vn/viec-lam/ky-su-kiem-thu-phan-mem-tester/2125240.html","từ thứ 2 - thứ 6 (nghỉ thứ 7, chủ nhật) - Du lịch, khám sức khỏe hàng năm - Thưởng lễ tết, sinh nhật, ốm đau, hiếu hỉ - Môi trường làm việc chuyên nghiệp, thân thiện Địa điểm làm việc (đã được cập nhật theo Danh mục Hành chính mới - thêm quận/huyện cũ tương ứng để dễ dàng tra cứu) - Hà Nội: Tầng 15, toà nhà Center Building, Số 1 Nguyễn Huy Tưởng, Phường Thanh Xuân (quận Thanh Xuân cũ)"
1,"Thực Tập Sinh Thiết Kế Đồ Hoạ","CÔNG TY TNHH GIÁO DỤC CHUYÊN SÂU ILP","- Hồ Chí Minh: Số 2D đường 299 Lý Thường Kiệt, Phường Phú Thọ (Quận 11 cũ)","https://www.topcv.vn/viec-lam/thuc-tap-sinh-thiet-ke-do-hoa/2122273.html","Thứ 2 - Chủ nhật (từ 08:00 đến 12:00)
Thứ 2 - Thứ 7 (từ 13:00 đến 17:00)
Thứ 2 - Thứ 7 (từ 17:30 đến 21:15)"
1,"Graphic Design","CÔNG TY CỔ PHẦN PALM FOREST VIỆT NAM","- Hà Nội: Tầng 2, Toà nhà Ecolife, KĐT Tây Hồ Tây, Phường Nghĩa Đô (quận Bắc Từ Liêm, quận Cầu Giấy cũ)","https://www.topcv.vn/viec-lam/graphic-design/1614503.html","Thứ 2 - Thứ 6 (từ 08:30 đến 17:30), Được nghỉ 2 ngày thứ 7 và các ngày chủ nhật trong tháng"
1,"Nhân Viên Tư Vấn (Tại Văn Phòng)","CÔNG TY CỔ PHẦN CÔNG NGHỆ KIOTVIET","- Hà Nội: Số 1B Yết Kiêu (tòa BIDV), Phường Cửa Nam (quận Hoàn Kiếm cũ)","https://www.topcv.vn/viec-lam/nhan-vien-tu-van-tai-van-phong/2002450.html","Thứ 2 - Thứ 7 (từ 08:00 đến 17:30)
Nghỉ chủ nhật và hai thứ 7 trong tháng"
1,"Kỹ Thuật Phần Cứng IT Service","CÔNG TY TNHH CÔNG NGHỆ SHOPCOMDN","- Huế: Nhà số 25 - CAMELIA 3 Khu Đô Thị ECO GARDEN Đường LÊ ĐỨC ANH ( Mặt tiền), Phường Vỹ Dạ (Thành phố Huế cũ)","https://www.topcv.vn/viec-lam/ky-thuat-phan-cung-it-service/1969206.html","Thứ 2 - Chủ nhật (từ 08:00 đến 17:30)
Được OFF 1 ngày trong tuần"
1,"Chuyên Viên Cải Tiến - Tự Động Hóa","Công ty Phát triển Phần mềm Xây dựng Aureole","- Hồ Chí Minh: Tầng 15, tòa nhà Blue Sky, 01 Bạch Đằng, Phường Tân Sơn Hòa (quận Tân Bình cũ)","https://www.topcv.vn/viec-lam/chuyen-vien-cai-tien-tu-dong-hoa/2131632.html","Thứ 2 - Thứ 6 (từ 08:00 đến 17:00)
Mỗi tháng làm 2 thứ Bảy, nghỉ các thứ Bảy còn lại và các ngày Chủ nhật
Làm việc theo lịch Việt Nam"
1,"Kỹ Sư Đảm Bảo Chất Lượng - Fresher/ Middle QA/ Tester - Tiếng Anh Tốt - Làm Việc Tại Hà Nội - Phúc Lợi Tốt, Thu Nhập Cạnh Tranh","Công Ty TNHH Avepoint Việt Nam","- Hà Nội: Tầng 4, Tòa nhà Artemis, 3 Lê Trọng Tấn, Phường Phương Liệt (quận Thanh Xuân cũ)","https://www.topcv.vn/viec-lam/ky-su-dam-bao-chat-luong-fresher-middle-qa-tester-tieng-anh-tot-lam-viec-tai-ha-noi-phuc-loi-tot-thu-nhap-canh-tranh/2082317.html","Thứ 2 - Thứ 6 (từ 09:00 đến 18:00)
Nghỉ T7, CN"
1,"Chuyên Viên Thiết Kế Đồ Họa","CÔNG TY CỔ PHẦN THƯƠNG MẠI VÀ ĐẦU TƯ K.L.E.V.E","- Hà Nội: Lô A2, CN5, Cụm Công Nghiệp Từ Liêm, Phường Xuân Phương (quận Nam Từ Liêm cũ)","https://www.topcv.vn/viec-lam/chuyen-vien-thiet-ke-do-hoa/1960812.html","Thứ 2 - Thứ 7 (từ 08:00 đến 17:00)
Nghỉ 2 thứ 7/tháng và CN"
1,"UI/UX Designer","CÔNG TY TNHH HORUS PRODUCTIONS","- Hà Nội: Tòa CT2D VOV Mễ Trì, Phường Đại Mỗ (quận Nam Từ Liêm cũ)","https://www.topcv.vn/viec-lam/ui-ux-designer/2151640.html","Thứ 2 - Thứ 7 (từ 08:00 đến 17:30)
Sáng thứ 7: 8:00 - 12:00
Nghỉ chiều Thứ 7 và ngày Chủ Nhật"
1,"TTS Công Nghệ Thông Tin","CÔNG TY TNHH KRIK VIỆT NAM","- Hà Nội: 82 Dịch Vọng Hậu, Cầu Giấy, Phường Cầu Giấy (quận Cầu Giấy cũ)","https://www.topcv.vn/viec-lam/tts-cong-nghe-thong-tin/2146928.html","Thứ 2 - Thứ 6 (từ 08:00 đến 17:00)
Thứ 7 (từ 08:00 đến 16:00)
Được nghỉ 2 thứ 7 và các chủ nhật trên 1 tháng"
1,"Chuyên Viên Thiết Kế","Công ty cổ phần thẩm mỹ OHIO","- Hà Nội: 116 Hoàng Ngân, Phường Cầu Giấy (quận Cầu Giấy cũ)","https://www.topcv.vn/viec-lam/chuyen-vien-thiet-ke/2082912.html","Thứ 2 - Thứ 7 8h-17h30, nghỉ trưa 1h30, nghỉ Chủ Nhật."
1,"Thực Tập Sinh Thiết Kế Đồ Họa / Design Intern","ECOZEN INTERNATIONAL JSC","- Hồ Chí Minh: 41 Thép Mới, Phường Bảy Hiền (quận Tân Bình cũ)","https://www.topcv.vn/viec-lam/thuc-tap-sinh-thiet-ke-do-hoa-design-intern/2116584.html","Thứ 2 - Thứ 6 (từ 08:00 đến 17:15)
Thứ 7 (từ 08:00 đến 12:00)
+ Thời gian làm việc:
- 08h00 - 17h15 (Thứ 2 - Thứ 6, Nghỉ trưa 1h15p) & 08h00 - 12h00 (Sáng Thứ 7)
+ Lịch nghỉ hàng tháng: nghỉ 2 sáng thứ 7 trong tháng, các chiều T7 và chủ nhật"
1,"2D Designer (Off T7-CN) - Đi Làm Ngay","CÔNG TY CỔ PHẦN BEYOND COMMUNICATION","- Hồ Chí Minh: 202 Lý Chính Thắng, Phường Nhiêu Lộc (Quận 3 cũ)","https://www.topcv.vn/viec-lam/2d-designer-off-t7-cn-di-lam-ngay/2119347.html","Thứ 2 - Thứ 6 (từ 09:00 đến 18:00)
Nghỉ trưa từ 12h-13h, nghỉ T7-CN"
1,"Mobile Developer (React Native)","Công ty TNHH Jits Innovation Labs","- Hà Nội: Tòa CT1 Epic Home, số 43 Phạm Văn Đồng (Chung cư Bộ Công An), Phường Đông Ngạc (quận Bắc Từ Liêm cũ)","https://www.topcv.vn/viec-lam/mobile-developer-react-native/2106139.html","Thứ 2 - Thứ 6 (từ 08:30 đến 18:00)
Làm việc từ thứ 2 - thứ 6 (Nghỉ thứ 7 & chủ nhật)
Thời gian làm việc: 8h30 - 18h00 (Nghỉ trưa từ 12h - 13h30)"
1,"Chuyên Viên Hạ Tầng & Mạng","Công ty Cổ Phần Hóa Dầu Mekong","- Hồ Chí Minh: 617A Âu Cơ , Tân Phú, Phường Tân Phú (quận Tân Phú cũ)","https://www.topcv.vn/viec-lam/chuyen-vien-ha-tang-mang/2126091.html","Thứ 2 - Thứ 7 (từ 08:00 đến 17:00)
T2-T6: 8h00-17h00
T7 làm cách tuần
nghỉ chủ nhật"
1,"Chuyên Viên Kinh Doanh","CÔNG TY CỔ PHẦN MPGROUP","- Hà Nội: Tầng 10, tòa nhà Sudico, Mễ Trì, Mỹ Đình 1, Phường Từ Liêm (quận Nam Từ Liêm cũ)","https://www.topcv.vn/viec-lam/chuyen-vien-kinh-doanh/2102860.html","Thứ 2 - Thứ 6 (từ 08:00 đến 17:30)
Nghỉ T7-CN"
1,"Kỹ Sư Lập Trình Máy CNC","CÔNG TY CỔ PHẦN XÂY DỰNG ALAN","- Hà Nội: Km16 Đại Lộ Thăng Long- gần cầu Sông Đáy, Quốc Oai, Xã Quốc Oai (huyện Quốc Oai cũ)","https://www.topcv.vn/viec-lam/ky-su-lap-trinh-may-cnc/2141029.html","Thứ 2 - Chủ nhật (từ 07:15 đến 17:45)
Nghỉ 01 ngày/ tuần (nghỉ luân phiên và theo tình hình sản xuất)"
1,"Product Owner","Công ty Cổ phần TOPCV Việt Nam","- Hà Nội: 47 Nguyễn Tuân, Phường Thanh Xuân (quận Thanh Xuân cũ)","https://www.topcv.vn/brand/topcv/tuyen-dung/product-owner-j2101087.html","[""Thứ 2 - Thứ 6 (từ 08:00 đến 17:00)\nThời gian làm việc: T2-T6, nghỉ T7 & CN\nThời gian check-in linh hoạt 8-9h""]"
1,"Chuyên Viên DESIGNER - Mảng BĐS","CÔNG TY CỔ PHẦN BẤT ĐỘNG SẢN INDOCHINE","- Hồ Chí Minh: Số 32, KĐT Lakeview City, Đường Song Hành Q.2, TP. Thủ Đức., Phường An Phú (Thành phố Thuận An cũ)","https://www.topcv.vn/viec-lam/chuyen-vien-designer-mang-bds/1305145.html","Thứ 2 - Thứ 6 (từ 08:30 đến 17:30)
Thứ 7: 08h30 - 12h30
Nghỉ hàng tuần Chiều Thứ 7 - CN"
1,"Chuyên Viên DESIGNER - Mảng BĐS","CÔNG TY CỔ PHẦN BẤT ĐỘNG SẢN INDOCHINE","- Hà Nội: Tầng 1, Tòa Nhà CT4 Vimeco, Đường Tú Mỡ, Phường Yên Hòa (quận Cầu Giấy cũ)","https://www.topcv.vn/viec-lam/chuyen-vien-designer-mang-bds/1305145.html","Thứ 2 - Thứ 6 (từ 08:30 đến 17:30)
Thứ 7: 08h30 - 12h30
Nghỉ hàng tuần Chiều Thứ 7 - CN"
1,"Nhân Viên Tư Vấn","App Sben - Công ty TNHH GOHIHEI","- Hồ Chí Minh: Tầng 4, toà nhà N.G.E 292 Ung Văn Khiêm, Phường Thạnh Mỹ Tây (quận Bình Thạnh cũ)","https://www.topcv.vn/viec-lam/nhan-vien-tu-van/2076233.html","- Làm việc thứ 2 đến thứ 7, nghỉ Chủ Nhật, hoặc thứ 2 đến CN nghỉ thứ 7
- Làm theo ca 1 tuần có 2-3 ngày làm việc từ 13h00 - 21h30 (nghỉ 30 phút)
Ca 1: 7h00 - 16h00 (nghỉ 1 tiếng)
Ca 2: 9h00 - 18h00 (nghỉ 1 tiếng)"
1,"Nhân Viên Kinh Doanh Hạ Tầng Máy Chủ","Công Ty Cổ Phần Công Nghệ Và Truyền Thông Lanit","- Hồ Chí Minh: (Tất cả phường)","https://www.topcv.vn/viec-lam/nhan-vien-kinh-doanh-ha-tang-may-chu/2144571.html","Thứ 2 - Thứ 6 (từ 08:00 đến 17:30)
- Hình thức làm việc: Thứ 2 đến Thứ 6, nghỉ Thứ 7 CN, 8h30 – 17h30
- Địa điểm làm việc: Tòa nhà Gold View – 346 Bến Vân Đồn, Phường 1, Quận 4, Tp. Hồ Chí Minh."
1,"Nhân Viên Quản Trị Hệ Thống","Công ty CP Đào Tạo Ứng Dụng Aprotrain","- Hà Nội: 110 Trần Phú, Phường Hà Đông (quận Hà Đông cũ)","https://www.topcv.vn/viec-lam/nhan-vien-quan-tri-he-thong/2134697.html","Thứ 2 - Thứ 6 (từ 08:00 đến 17:00)
Thứ 7 (từ 08:00 đến 12:00)
8h/ngày, 5.5 ngày/tuần, nghỉ 1.5 ngày/tuần (0.5 ngày thứ Bảy và Chủ nhật)"
1,"Nhân Viên IT","Công Ty Cổ Phần Shogo Việt Nam","- Hưng Yên: CT CP Shogo Việt Nam, thôn An Lạc, Xã Như Quỳnh (huyện Văn Lâm cũ)","https://www.topcv.vn/viec-lam/nhan-vien-it/2136255.html","Thứ 2 - Thứ 7 (từ 07:30 đến 16:30)
Làm giờ hành chính: Từ 7h30-16h30.
Nghỉ 02 thứ 7/ tháng, nghỉ tất cả các ngày CN, lễ tết."
1,"Unity Developer","CÔNG TY TNHH HORUS PRODUCTIONS","- Hà Nội: Tòa CT2D VOV Mễ Trì, Phường Đại Mỗ (quận Nam Từ Liêm cũ)","https://www.topcv.vn/viec-lam/unity-developer/2081203.html","Thứ 2 - Thứ 7 (từ 08:00 đến 17:30)
Sáng thứ 7: 8:00 - 12:00
Nghỉ chiều Thứ 7 và ngày Chủ Nhật"
1,"Nhân Viên Thiết Kế Đồ Họa","CÔNG TY TNHH SẢN XUẤT VÀ KINH DOANH NEWHOUSE","- Hà Nội: TT29-06 KĐT Nam An Khánh, Xã An Khánh (huyện Hoài Đức cũ)","https://www.topcv.vn/viec-lam/nhan-vien-thiet-ke-do-hoa/1275900.html","Thứ 2 - Thứ 7 (từ 08:00 đến 17:30)
T2-T7 Buổi sáng: 8:00-12:00, buổi chiều: 13h30-17h30, nghỉ chủ nhật"
1,"Japanese  IT Communication","Công Ty TNHH Công  Nghệ K&G","- Hồ Chí Minh: R4-11 Hưng gia 1 Phú Mỹ Hưng Tân Hưng, Phường Tân Hưng (Quận 7 cũ)","https://www.topcv.vn/viec-lam/japanese-it-communication/2138088.html","Thứ 2 - Thứ 6 (từ 08:00 đến 17:00)
• Thời gian làm việc linh hoạt ứng viên được lựa chọn: Từ 8h – 17h30 , 8h30 đến 18h, hoặc từ 9h- 18h30 từ thứ 2 đến thứ 6. Nghỉ trưa 1h30p,Thứ 7, CN và các ngày lễ tết theo quy định."
1,"Nhân Viên Kinh Doanh","CÔNG TY TNHH KỸ NGHỆ PHÚC ANH","- Hà Nội: 134 Thái Hà, Phường Đống Đa (quận Đống Đa cũ)","https://www.topcv.vn/viec-lam/nhan-vien-kinh-doanh/1203618.html","Giờ hành chính từ 8h00 đến 17h15, nghỉ 2 thứ 7 và toàn Chủ nhật trong tháng"
1,"Nhân Viên IT Helpdesk - Có Thể Làm Kíp","CÔNG TY TNHH MEKTEC MANUFACTURING (VIỆT NAM)","- Hưng Yên: Lô đất số K-3&4 Khu Công nghiệp Thăng Long II Tỉnh Hưng Yên, Việt Nam, Phường Đường Hào (Thị xã Mỹ Hào cũ)","https://www.topcv.vn/viec-lam/nhan-vien-it-helpdesk-co-the-lam-kip/2140647.html","Thứ 2 - Thứ 5 (từ 08:00 đến 20:00)
Chủ nhật - Thứ 4 (từ 20:00 đến 08:00)"
1,"Chuyên Viên Phân Tích Nghiệp Vụ – Business Analyst","Công ty Cổ phần Giải pháp Phần mềm Biplus Việt Nam","- Hà Nội: Tầng 3/ Tầng 6, số 85 Trần Thái Tông, Phường Cầu Giấy (quận Cầu Giấy cũ)","https://www.topcv.vn/viec-lam/chuyen-vien-phan-tich-nghiep-vu-business-analyst/2119176.html","Thứ 2 - Thứ 6 (từ 08:00 đến 17:30)
Nghỉ thứ 7 ,chủ nhật"
1,"Middle Fullstack Developer (English)","Công ty TNHH Jits Innovation Labs","- Hà Nội: Tòa CT1 Epic Home, số 43 Phạm Văn Đồng (Chung cư Bộ Công An), Phường Đông Ngạc (quận Bắc Từ Liêm cũ)","https://www.topcv.vn/viec-lam/middle-fullstack-developer-english/2061786.html","Làm việc từ thứ 2 - thứ 6 (Nghỉ thứ 7 & chủ nhật)
Thời gian làm việc: 8h30 - 18h00 (Nghỉ trưa từ 12h - 13h30)"
1,"Điều Phối Dự Án IT (Thu Nhập 12-18 Triệu)","Công ty Cổ phần Giải pháp Công nghệ FANXIPAN Việt Nam","- Hà Nội: 130 Nguyễn Đức Cảnh, Phường Hoàng Mai (quận Hoàng Mai cũ)","https://www.topcv.vn/viec-lam/dieu-phoi-du-an-it-thu-nhap-12-18-trieu/2115983.html","Thứ 2 - Thứ 6 (từ 08:00 đến 17:00)
Thứ Bảy cách tuần,nghỉ chủ nhật"
1,"Kỹ Thuật Hỗ Trợ Online - Đi Làm Ngay","CÔNG TY TNHH TOM GROUP VIỆT NAM","- Hồ Chí Minh: 189C1/6 Nguyễn Văn Hưởng, Phường An Khánh (Thành phố Thủ Đức cũ)","https://www.topcv.vn/viec-lam/ky-thuat-ho-tro-online-di-lam-ngay/2153105.html","Thứ 2 - Chủ nhật (từ 19:00 đến 05:00)
Thứ 2 - Chủ nhật (từ 04:00 đến 13:00)
Ca 1: 19:00 – 05:00
Ca 2: 04:00 – 13:00"
1,"Kỹ Thuật Hỗ Trợ Online","CÔNG TY CỔ PHẦN THƯƠNG MẠI - DỊCH VỤ PHONG VŨ","- Hồ Chí Minh: 677/2A Điện Biên Phủ, Phường Thạnh Mỹ Tây (quận Bình Thạnh cũ)","https://www.topcv.vn/viec-lam/ky-thuat-ho-tro-online/2151331.html","Thứ 2 - Chủ nhật (từ 08:00 đến 17:00)
Làm việc 8 tiếng/ngày theo ca, từ Thứ 2- Chủ nhật, nghỉ 1 ngày trong tuần:
+ Ca 1: 8h00 - 17h00
+ Ca 2: 9h00 - 18h00
+ Ca 3: 12h00 - 21h00"
1,"Nhân Viên Design - Graphic Designer - Nhân Viên Thiết Kế Đồ Họa - Ngành BĐS - 2 Năm Kinh Nghiệm - Tại An Khánh, TP HCM - Thu Nhập 12 - 15 Triệu","CÔNG TY CỔ PHẦN TƯ VẤN VÀ ĐẦU TƯ ĐỊA ỐC AKA HOMES","- Hồ Chí Minh: Số 1 Nguyễn Cơ Thạch, Phường An Khánh (Thành phố Thủ Đức cũ)","https://www.topcv.vn/viec-lam/nhan-vien-design-graphic-designer-nhan-vien-thiet-ke-do-hoa-nganh-bds-2-nam-kinh-nghiem-tai-an-khanh-tp-hcm-thu-nhap-12-15-trieu/2126779.html","Thứ 2 - Thứ 6 (từ 08:30 đến 17:30)
Thứ 7 (từ 08:30 đến 12:00)
Nghỉ chiều T7, ngày CN"
1,"Nhân Viên Thiết Kế","Bệnh Viện Đa Khoa Quốc Tế Thu Cúc – Chi Nhánh Công Ty Cổ Phần Y Khoa Thu Cúc","- Hà Nội: 444 Hoàng Hoa Thám, Phường Tây Hồ (quận Tây Hồ cũ)","https://www.topcv.vn/viec-lam/nhan-vien-thiet-ke/2149968.html","Thứ 2 - Thứ 6 (từ 08:00 đến 17:00)
Thứ Hai - Thứ Sáu: 8h00 - 18h00
Thứ Bảy: 8h00 - 15h00
Nghỉ: 02 Thứ Bảy và các Chủ nhật"
1,"Lập Trình Viên Web (Web Developer)","CÔNG TY TNHH DU LỊCH SOVABA","- Quảng Trị: Tầng 4, 45 Trần Hưng Đạo, Phường Đồng Hới (Thành phố Đồng Hới cũ)","https://www.topcv.vn/viec-lam/lap-trinh-vien-web-web-developer/1895413.html","Thứ 2 - Chủ nhật (từ 07:30 đến 17:30)"
1,"Chuyên Viên Multimedia Designer","CÔNG TY CỔ PHẦN ANVY","- Hà Nội: Số A5/D21, ngõ 11 Duy Tân, Cầu Giấy, Phường Cầu Giấy (quận Cầu Giấy cũ)","https://www.topcv.vn/viec-lam/chuyen-vien-multimedia-designer/2147656.html","Thứ 2 - Thứ 6 (từ 08:00 đến 17:00)
Nghỉ chủ nhật và trung bình 2 thứ 7/tháng (theo kế hoạch sản xuất)"
1,"Kỹ Thuật Lập Trình Máy CNC","CÔNG TY CỔ PHẦN CƠ KHÍ CHÍNH XÁC INTECH VIỆT NAM","- Hà Nội: Lô 5+6, KCN Lai Xá, Phường Tây Tựu (quận Bắc Từ Liêm cũ)","https://www.topcv.vn/viec-lam/ky-thuat-lap-trinh-may-cnc/2083746.html","Thứ 2 - Thứ 7 (từ 08:00 đến 17:00)
Nghỉ các ngày CN và 1 Thứ 7/tháng"
1,"Chuyên Viên IT","CÔNG TY CỔ PHẦN DHC SUỐI ĐÔI","- Đà Nẵng: Thôn Phú Túc, Xã Hòa Vang (huyện Hòa Vang cũ)","https://www.topcv.vn/viec-lam/chuyen-vien-it/2125526.html","Thứ 2 - Chủ nhật (từ 08:00 đến 17:00)
Tuần được off 01 ngày"
1,"Trợ Giảng/Giáo Viên Part-Time [HCM/Bình Dương/Thủ Dầu Một] - Dành Cho Sinh Viên Ngành Điện - Điện Tử, Công Nghệ Thông Tin","CÔNG TY CỔ PHẦN CÔNG NGHỆ & SÁNG TẠO TRẺ TEKY HOLDINGS","- Hồ Chí Minh: Phường Bình Dương (Thành phố Tân Uyên, Thành phố Thủ Dầu Một cũ)","https://www.topcv.vn/viec-lam/tro-giang-giao-vien-part-time-hcm-binh-duong-thu-dau-mot-danh-cho-sinh-vien-nganh-dien-dien-tu-cong-nghe-thong-tin/1326676.html","Đăng kí ca linh hoạt từ thứ 2 đến Chủ nhật:
+ Ca sáng: 8h00 - 12h00;
+ Ca chiều: 13h00 - 17h00;
+ Ca tối: 17h00 - 21h00."
1,"Nhân Viên Giám Sát Hệ Thống Và Hỗ Trợ Khách Hàng","CÔNG TY TNHH ĐẦU TƯ PHÁT TRIỂN VÀ CHUYỂN GIAO CÔNG NGHỆ VINA","- Cần Thơ: Blossom building, 153Q Trần Hưng Đạo, Phường Ninh Kiều (quận Ninh Kiều cũ)","https://www.topcv.vn/viec-lam/nhan-vien-giam-sat-he-thong-va-ho-tro-khach-hang/1688971.html","Thứ 2 - Chủ nhật (từ 17:30 đến 08:00)
Thời gian làm việc:
Xoay ca theo lịch phân công
Làm việc ca tối từ 17h30 đến 08h00 sáng, làm buổi tối, buổi sáng còn lại nghỉ"
1,"ME Front-End Engineer/  Kỹ Sư Công Đoạn (Front-End) - Hải Phòng","UNIVERSAL SCIENTIFIC INDUSTRIAL VIETNAM COMPANY LIMITED","- Hải Phòng: Lot CN4.1H KCN Đình Vũ, Thuộc khu Kinh tế Cát Hải- ĐÌnh Vũ, Đông Hải, Phường Đông Hải (quận Hải An cũ)","https://www.topcv.vn/viec-lam/me-front-end-engineer-ky-su-cong-doan-front-end-hai-phong/2135761.html","Thứ 2 - Thứ 7 (từ 08:00 đến 17:00)
Tổng 24 ngày làm việc trong tháng, nghỉ 2 thứ 7 và 4 Chủ nhật"
1,"Kỹ Thuật Viên","CÔNG TY TNHH ĐẦU TƯ CÔNG NGHỆ VÀ THƯƠNG MẠI DND","- Nghệ An: 53 Nguyễn Thị Minh Khai, Phường Thành Vinh (Thành phố Vinh cũ)","https://www.topcv.vn/viec-lam/ky-thuat-vien/2144731.html","Thứ 2 - Chủ nhật (từ 08:00 đến 17:00)"
1,"Design Intern – Work On Real TikTok Campaigns","UPTIK COMPANY LIMITED","- Hồ Chí Minh: 24 Tạ Hiện, Phường Cát Lái (Thành phố Thủ Đức cũ)","https://www.topcv.vn/viec-lam/design-intern-work-on-real-tiktok-campaigns/2096935.html","Thứ 2 - Thứ 6 (từ 09:00 đến 18:00)
Thứ 7 - Chủ nhật ()
Monday to Friday: 9am to 6pm and overtime upon request and needs
Saturday and Sunday: Schedule subject to change based on project needs"
1,"Nhân Viên Kinh Doanh Dịch Vụ Công Nghệ","CÔNG TY TNHH THƯƠNG MẠI VÀ XUẤT NHẬP KHẨU EAGLES GROUP","- Hà Nội: LK17+LK18 Ngõ 2 Nguyễn Văn Lộc, Hà Đông, Phường Hà Đông (quận Hà Đông cũ)","https://www.topcv.vn/viec-lam/nhan-vien-kinh-doanh-dich-vu-cong-nghe/2087274.html","Thứ 2 - Thứ 6 (từ 08:00 đến 17:30)
8h00 -17h30 thứ 2 đến thứ 6 và 2 ngày T7 trong tháng (Nghỉ 2 ngày T7/ tháng- chủ nhật)"
1,"Chuyên Viên Designer","CÔNG TY TNHH TÂN PHÁT GROUP","- Hà Nội: 109 Nguyễn Tuân, Phường Thanh Xuân (quận Thanh Xuân cũ)","https://www.topcv.vn/viec-lam/chuyen-vien-designer/2051372.html","Thứ 2 - Thứ 6 (từ 08:30 đến 17:30)
Thứ 7 (từ 08:30 đến 12:00)
nghỉ chiều thứ 7 và Chủ Nhật"
1,"Robotics Developer","CÔNG TY CỔ PHẦN REAL-TIME ROBOTICS VIỆT NAM","- Hồ Chí Minh: Số 40/10 Khổng Tử, Phường Tăng Nhơn Phú (Thành phố Thủ Đức cũ)","https://www.topcv.vn/viec-lam/robotics-developer/2132127.html","Thứ 2 - Thứ 6 (từ 08:00 đến 17:00)
Nghỉ Thứ 7, Chủ nhật"
1,"Java Full-Stack Developer (Lương Upto 35Tr)","Công ty Cổ phần Đầu tư và Phát triển Koolsoft","- Hà Nội: Khu Văn Phòng, Tòa Thành An, 699 Vũ Tông Phan, Phường Khương Đình (quận Thanh Xuân cũ)","https://www.topcv.vn/viec-lam/java-full-stack-developer-luong-upto-35tr/2127412.html","Thứ 2 - Thứ 6 (từ 08:00 đến 17:30)
Nghỉ Thứ Bảy, Chủ Nhật và các ngày Lễ, Tết theo quy định."
1,"Nhân Viên Kỹ Thuật Lắp Ráp Máy Tính (PC, Laptop)","Công ty TNHH TIN HỌC NGÔI SAO LỚN","- Hồ Chí Minh: 437 Quang Trung, P. 10, Phường Gò Vấp (quận Gò Vấp cũ)","https://www.topcv.vn/viec-lam/nhan-vien-ky-thuat-lap-rap-may-tinh-pc-laptop/2116719.html","Thứ 2 - Chủ nhật (từ 08:30 đến 21:00)
Làm việc xoay ca, Ca 1 từ 8h30 -18h00,  nghỉ trưa 1 giờ. Ca 2: 12h00-21h00, nghỉ chiều 1 giờ. Nghỉ 01 ngày trong tuần."
1,"Nhân Viên Thiết Kế/Designer","CÔNG TY CỔ PHẦN ULTD THỊNH PHÁT","- Hà Nội: Số 9 Ngõ 72 Nguyễn Trãi, Phường Thanh Xuân (quận Thanh Xuân cũ)","https://www.topcv.vn/viec-lam/nhan-vien-thiet-ke-designer/2112604.html","Thứ 2 - Thứ 6 (từ 08:30 đến 17:30)
Thời gian làm việc: 8h/ ngày từ 8h30-17h30 (nghỉ trưa 1h) từ thứ 2 đến trưa thứ 7 (Nghỉ chiều t7 và CN)"
1,"Nhân Viên Thiết Kế","CÔNG TY TNHH TT MEDIA","- Nghệ An: 25, Nguyễn Thị Minh Khai, Phường Thành Vinh (Thành phố Vinh cũ)","https://www.topcv.vn/viec-lam/nhan-vien-thiet-ke/1764329.html","Thứ 2 - Thứ 7 (từ 07:45 đến 17:30)
Làm việc thứ 2- thứ 7 ( Nghỉ 2 thứ 7 và các ngày chủ nhật )"
1,"Nhân Viên Kinh Doanh Máy Tính PC Laptop","CÔNG TY TNHH CÔNG NGHỆ SHOPCOMDN","- Huế: Nhà số 25 - CAMELIA 3 Khu Đô Thị ECO GARDEN Đường LÊ ĐỨC ANH ( Mặt tiền), Phường Vỹ Dạ (Thành phố Huế cũ)","https://www.topcv.vn/viec-lam/nhan-vien-kinh-doanh-may-tinh-pc-laptop/1755697.html","Thứ 2 - Chủ nhật (từ 08:00 đến 17:30)
Được OFF 1 ngày trong tuần"
1,"Nhân Viên  Design","CÔNG TY TNHH CELLUX INTERNATIONAL CLINIC","- Hà Nội: 9 Tô Hiến Thành, Phường Hai Bà Trưng (quận Hai Bà Trưng cũ)","https://www.topcv.vn/viec-lam/nhan-vien-design/1990511.html","Từ 8h30-17h30, từ thứ 2 - thứ 7. Nghỉ 2 Thứ 7 và các ngày chủ nhật"
1,"Thực Tập Sinh Kinh Doanh - Có Lương Cứng  - Không Áp KPI","Công ty TNHH Vinahost","- Hà Nội: 78 Hoàng Văn Thái, Phường Phương Liệt (quận Thanh Xuân cũ)","https://www.topcv.vn/viec-lam/thuc-tap-sinh-kinh-doanh-co-luong-cung-khong-ap-kpi/2137603.html","Thứ 2 - Thứ 6 (từ 08:00 đến 17:00)
Làm việc 1 buổi / ngày (trừ thứ 7, chủ nhật)"
1,"Nhân Viên Quản Trị Hệ Thống Mạng","CÔNG TY CỔ PHẦN TẬP ĐOÀN VINA ELECTRIC","- Bắc Ninh: KCN Khai Sơn, Phường Trí Quả (Thị xã Thuận Thành cũ)","https://www.topcv.vn/viec-lam/nhan-vien-quan-tri-he-thong-mang/1944061.html","Thứ 2 - Thứ 7 (từ 08:00 đến 17:00)
Nghỉ chủ nhật"
1,"Data Engineer - Tân Uyên Bình Dương","CÔNG TY CỔ PHẦN GỖ TÂN THÀNH","- Hồ Chí Minh: 484 Tờ bản đồ 5, KP Khánh Lộc (TP. Tân Uyên, Bình Dương), Phường Tân Khánh (Thành phố Tân Uyên cũ)","https://www.topcv.vn/viec-lam/data-engineer-tan-uyen-binh-duong/2134632.html","Thứ 2 - Thứ 7 (từ 08:00 đến 17:00)
Nghỉ Thứ 7 cách tuần và các ngày Chủ nhật"
1,"Nhân Viên Bán Hàng Kỹ Thuật Công Nghệ","The new Xgear","- Hồ Chí Minh: 8 Tự Lập, Phường Tân Sơn Nhất (quận Tân Bình cũ)","https://www.topcv.vn/viec-lam/nhan-vien-ban-hang-ky-thuat-cong-nghe/1085698.html","Thứ 2 - Chủ nhật (từ 09:00 đến 18:00)
Thứ 2 - Chủ nhật (từ 11:00 đến 20:00)"
1,"Nhân Viên Bán Hàng Kỹ Thuật Công Nghệ","The new Xgear","- Hà Nội: 10A1 Linh Lang, Phường Ngọc Hà (quận Ba Đình cũ)","https://www.topcv.vn/viec-lam/nhan-vien-ban-hang-ky-thuat-cong-nghe/1085698.html","Thứ 2 - Chủ nhật (từ 09:00 đến 18:00)
Thứ 2 - Chủ nhật (từ 11:00 đến 20:00)"
1,"Chuyên Viên Vận Hành Game","Công ty TNHH  Công nghệ EZLABS","- Hà Nội: số 20, đường 3.7/1, KĐT Gamuda Gardens, Phường Hoàng Mai (quận Hoàng Mai cũ)","https://www.topcv.vn/viec-lam/chuyen-vien-van-hanh-game/2041481.html","Thứ 2 - Thứ 6 (từ 08:00 đến 17:00)
Từ T2-T6, nghỉ T7, CN"
1,"Lập Trình Viên Web WordPress (Figma To WordPress / PHP)","CÔNG TY CỔ PHẦN THIẾT KẾ GURU","- Hà Nội: 14 Đặng Tiến Đông, Phường Đống Đa (quận Đống Đa cũ)","https://www.topcv.vn/viec-lam/lap-trinh-vien-web-wordpress-figma-to-wordpress-php/2152749.html","Thứ 2 - Thứ 6 (từ 08:30 đến 17:30)
8h30 - 17h30
Thứ 2 - Thứ 6 và 2 thứ 7 trong tháng (nghỉ CN)"
1,"Nhân Viên Thiết Kế (Designer Kênh E-Commerce)","Công ty Cổ phần Thời trang Việt Thắng","- Hà Nội: Số 297 Vĩnh Hưng, Phường Vĩnh Hưng (quận Hoàng Mai cũ)","https://www.topcv.vn/viec-lam/nhan-vien-thiet-ke-designer-kenh-e-commerce/2044460.html","Thứ 2 - Thứ 7 (từ 08:30 đến 17:30)
Tháng nghỉ 4 Chủ Nhật"
1,"Middle Fullstack Developer (Web App) – Remote 5 Days/Month","CÔNG TY CỔ PHẦN DS SOLUTION VIỆT NAM","- Hà Nội: Rainbow Building Văn Quán, Phường Hà Đông (quận Hà Đông cũ)","https://www.topcv.vn/viec-lam/middle-fullstack-developer-web-app-remote-5-days-month/2124517.html","Thứ 2 - Thứ 6 (từ 09:00 đến 18:30)
Thứ 2 - Thứ 6 (từ 08:30 đến 18:00)
Thứ 2 - Thứ 6 (từ 08:00 đến 17:30)
- Làm việc từ Thứ 2 đến thứ 6 (nghỉ thứ 7, CN và các ngày lễ theo Quy định).
- Khung giờ làm việc tùy chọn.
- Chế độ remote: 5 - 7 ngày/tháng."
1,"Kỹ Sư Dữ Liệu - Data Engineer","Công ty Cổ phần The First One","- Hà Nội: Tòa nhà Suced, số 108 Nguyễn Hoàng, Phường Từ Liêm (quận Nam Từ Liêm cũ)","https://www.topcv.vn/viec-lam/ky-su-du-lieu-data-engineer/2150062.html","Thứ 2 - Thứ 6 (từ 08:30 đến 17:30)
Giờ làm việc linh hoạt
Nghỉ Thứ Bảy, Chủ Nhật"
1,"Lập Trình Viên Mobile Flutter - Flutter Developer","Công ty Cổ phần The First One","- Hà Nội: Tòa nhà Suced, số 108 Nguyễn Hoàng, Phường Từ Liêm (quận Nam Từ Liêm cũ)","https://www.topcv.vn/viec-lam/lap-trinh-vien-mobile-flutter-flutter-developer/2150049.html","Thứ 2 - Thứ 6 (từ 08:30 đến 17:30)
Giờ làm việc linh hoạt
Nghỉ Thứ Bảy, Chủ Nhật"
1,"Thực Tập Sinh IT / IT Intern","CÔNG TY CỔ PHẦN LOTUSQUANT","- Hưng Yên: Số 18 Marina Arc, KĐT Ecopark, Xã Phụng Công (huyện Văn Giang cũ)","https://www.topcv.vn/viec-lam/thuc-tap-sinh-it-it-intern/2152518.html","Thứ 2 - Thứ 6 (từ 08:15 đến 17:00)
Nghỉ thứ 7 và chủ nhật"
1,"Phát Triển Ứng Dụng","CÔNG TY TNHH KRIK VIỆT NAM","- Hà Nội: 82 Dịch Vọng Hậu, Cầu Giấy, Phường Cầu Giấy (quận Cầu Giấy cũ)","https://www.topcv.vn/viec-lam/phat-trien-ung-dung/2102951.html","Thứ 2 - Chủ nhật (từ 08:00 đến 17:00)
Được nghỉ 1 ngày/ 1 tuần và 2 ngày thứ 7 trên 1 tháng"
1,"Tech Lead (Fullstack/Backend) – Fluent In English","Công ty TNHH Jits Innovation Labs","- Hà Nội: Tòa CT1 Epic Home, số 43 Phạm Văn Đồng (Chung cư Bộ Công An), Phường Đông Ngạc (quận Bắc Từ Liêm cũ)","https://www.topcv.vn/viec-lam/tech-lead-fullstack-backend-fluent-in-english/2146032.html","Làm việc từ thứ 2 - thứ 6 (Nghỉ thứ 7 & chủ nhật)
Thời gian làm việc: 8h30 - 18h00 (Nghỉ trưa từ 12h - 13h30)"
1,"Game Designer (Kịch Bản Game)",XGame,"- Hà Nội: Toà The Nine, số 9 Phạm Văn Đồng, Phường Phú Diễn (quận Bắc Từ Liêm, quận Cầu Giấy cũ)","https://www.topcv.vn/viec-lam/game-designer-kich-ban-game/404794.html","Thứ 2 - Thứ 6, 1 Thứ 7, nghỉ 3 thứ 7 và 4 chủ nhật"
1,"Chuyên Viên Sản Phẩm","Công Ty TNHH Thiết Bị Khoa Học Việt Anh","- Hà Nội: Số 15 Xuân Quỳnh, Phường Yên Hòa (quận Cầu Giấy cũ)","https://www.topcv.vn/viec-lam/chuyen-vien-san-pham/2084994.html","Thứ 2 - Thứ 6 (từ 08:00 đến 17:00)
Thời gian làm việc:
- Sáng: 8h00 - 12h00
- Chiều: 13h00 - 17h00
+ Từ tháng 3 đến hết tháng 11: Nghỉ sáng thứ 7 cách tuần, chiều thứ 7 và Chủ Nhật hàng tuần.
+ Từ tháng 12 đến hết tháng 2: Nghỉ chiều thứ 7 và Chủ Nhật hàng tuần."
1,"Thiết Kế Đồ Hoạ / Thiết Kế Branding/ 2D Designer","CÔNG TY TNHH PHÁT TRIỂN THƯƠNG HIỆU HACO GROUP","- Hà Nội: Số 11, ngõ 8 Lê Lợi, Nguyễn Trãi, Phường Hà Đông (quận Hà Đông cũ)","https://www.topcv.vn/viec-lam/thiet-ke-do-hoa-thiet-ke-branding-2d-designer/2113622.html","Làm việc từ T2 – T7 (mỗi tháng nghỉ 2 ngày T7 + 4 ngày CN)."
1,"Kỹ Thuật Viên Sửa Chữa Laptop/ Điện Thoại  - Kinh Nghiệm 1 Năm Hoặc Từng Làm IT Helpdesk - Lương 12 - 20 Triệu (TP.HCM)","CÔNG TY TNHH CITY ONE VIỆT NAM","- Hồ Chí Minh: 721 Trường Chinh, Phường Tây Thạnh (quận Tân Phú cũ)","https://www.topcv.vn/viec-lam/ky-thuat-vien-sua-chua-laptop-dien-thoai-kinh-nghiem-1-nam-hoac-tung-lam-it-helpdesk-luong-12-20-trieu-tp-hcm/2095287.html","Thứ 2 - Thứ 4 (từ 08:00 đến 17:00)
Thứ 4 - Thứ 7 (từ 13:00 đến 21:00)
C1: 8h00 đến 17h00 nghỉ trưa 12h00-13h00 (nghỉ trưa 1 tiếng, 8h làm việc)
C2: 13h00 đến 21h00 nghỉ chiều 18h00 đến 19h ăn chiều
1 tháng làm 2 Chủ Nhật cố định 8h00 - 21h00 bao gồm cả Lễ.
Tháng nghỉ 2 chủ nhật +  1 ngày nghỉ phép có hưởng lương"
